nom_fichier,texte_nettoye,montant_ttc,tva,cluster_id
batch1-0421.jpg,issue stanley group mcbride sanchez richard track suite dominguez locks apt south joseph sarahberg iban zvrge gross leopard printed rug skin mat each leather faux fur animals area rugs home carpets fluffy rugs anti slip area rug each dining room carpet floor mat home bedroom decor cartoon rabbit printed round each carpet area rug children play tent floor mat rug swirl print optical illusion each area rug carpet floor pad non slip doormat mats war horse series small large each long floor carpet area rugs various size soft yilong all over each handmade carpet dining room hand knotted silk rugs imitation wool carpet rugs each koala panda plush living room blankets non slip decor summary gross rug,2.0,20147.0,2
batch1-0422.jpg,issue kim lloyd white clark russell johns walsh ranch knox divide lake natasha hawkinsbury iban ohlgo gross custom build desktop each computer ssd windows windows wifi custom build gaming rgb mini each itx computer dell desktop computer intel each core windows pro lghz ram core gaming computer each desktop tower hdmi ddr graphic custom built pro core ghz each quad core computer dell optiplex sff desktop each computer windows summary gross,1.0,17281.0,3
batch1-0423.jpg,issue smith gonzalez wallace barnes plc drake meadow laura street apt new seanburgh matthewsmouth iban zhjch gross sony playstation scph ooo each tss silyer console game psz japan tested working nintendo dsi console red each japan nds super nintendo snes system each console controller cables sns games nintendo wii white console each rvl bundle game cube compatible controllers senso new playstation slim each game bundle console sealedl xbox one black video each game console system factory sealed brand new summary gross sony,1.0,19408.0,4
batch1-0424.jpg,issue adkins campbell butler bird bates johnston psc box rowe street apo kristieton iban gzak gross toddler car rain boots each skechers kids snap sprints each sneaker size bluelblack skechers blue athletic shoes each kids size euc joma youth boy supercopa each soccer cleats negro verde multitaco black green summary gross,1.0,20645.0,1
batch1-0454.jpg,issue knight howell pugh jenkins plc steele fields unit box stevenhaven dpo iban gbzzwyey gross newborn toddler baby girls each floral print romper dress bodysuits ouftits clothes herve leger bandage dress each long gown flared neck metallic silver size summary gross,1.0,78649.0,1
batch1-0455.jpg,issue huynh ruiz mcintosh macdonald chambers rapid suite allen crescent apt north sheila caseport iban gbiotpua gross wool floral handmade each rugs carpet moroccan pastel color living room navajo tie dyeing fluffy rugs anti skid each area rug dining room carpet floor bedroom mat checkered modern kashkoli each oriental area rug foyer hand knotted wool carpet galaxy butterfly area rugs each children bedroom non slip doormat floor mat carpet soft sheepskin mat faux fur each rug small shaggy non slip floor carpet white gray cartoon rabbit printed round each carpet area rug children play tent floor mat rug summary gross,4.0,53123.0,2
batch1-0456.jpg,issue martinez plc williams reid ashley oval apt angela village suite south seth garystad iban pkds gross intel compute stick intel each atom ghz desktop summary gross,32.0,67786.0,3
batch1-0457.jpg,issue davis shepherd fisher gonzalez garcia alison inlet solomon stream lake marissa mikeside iban gbo leng gross nintendo new console each white japan wlstylus pen sony playstation console each scph oooo peal color tested sakura pink console each system boxed scph oooo tested japan huge sony playstation each console lot games system bundle nintendo gameboy original each console box manual dmb japan tested nintendo handheld console each purple summary gross gray,351.0,42819.0,4
batch1-0458.jpg,issue hodges porter bass young rosales graham black corners elizabeth fall south sean brianfort iban sgktk gross wine spoon each black pug wine holder each vintage crystal red wine each glasses nos west germany ounce elegant stems mdesign metal wine rack each storage organizer bottles chrome pier multi color cordial each liqueur wine glasses set ikea stainless steel bottle each wine rack great condition gift wine glass hanging metal wine each cup rack bar double stemware glass bottle goblet summary gross,1.0,90540.0,1
batch1-0459.jpg,issue johnson mcdonald sheppard ltd kerr parks daniel pike apt new robin hernandezhaven iban gbobwlpw gross wool floral handmade each rugs carpet moroccan pastel color living room navajo yilong golden handmade each carpet house decor hand knotted silk rugs fluffy floor mat anti skid each shaggy area rugs dining living room carpet home decor home christmas santa claus each anti slip room floor mat decor carpet rug xmas decor rug area hand knotted wool each oriental carpet vintage geometric traditional handmad striped contemporary gabbeh each kashkoli oriental area rug handmade wool carpet summary gross,4.0,51451.0,2
batch1-0460.jpg,issue smith plc todd barnes kim port usnv smith smithville fpo iban uukw gross little women louisa each alcott illustrated brand new collectible hardcover summary gross may,4.0,18444.0,1
batch1-0461.jpg,issue nguyen russell rodriguez adams burns kristy rapid suite shawn fields bonniemouth new tommyborough iban zocs gross entertaining each collectors paperweights each history christianity vol each beginnings kenneth latourette hour jesus each summary gross,1.0,60906.0,1
batch1-0462.jpg,issue stanton williams thompson perry johnson plains apt wiggins prairie suite west williamville lewistown iban sxtzn gross winnie pooh milne each illustrated shepard collector new hardcover endurance shackleton each incredible voyage alfred lansing christmas cupcake murder each festive delicious joanne fluke summary gross,10.0,46911.0,1
batch1-0463.jpg,issue valenzuela plc wilson group alejandra forest apt henry heights racheltown new dennisfurt iban gbz ifzp gross new sony playstation each slim fortnite neo versa gaming console bundle nintendo handheld console each hello kitty limited edition used nintendo famicom nes each hvc console only tested work japan summary gross,1.0,64781.0,4
batch1-0464.jpg,issue raymond mejia thomas martin wright mccarty flores place suite psc box greentown apo iban gbz pysb gross adult girl version hermione each granger cosplay costume gryffindor kid size stock jordan nike kid air retro high each black gray elephant size ricosta bge everyday each casual sandals new size egyptian comfort count each piece bed sheet set deep pocket bed sheets star wars sterling each silver darth vader charm fiit pandora gift summary gross boys,1.0,78662.0,1
batch1-0465.jpg,issue fisher plc meyer lambert smith barnes street suite durham orchard suite east laura west kyleburgh iban bka gross bobby fischer chess games each dutch cooking netherlands each cookbook heleen halverhout book philadelphia museum art each handbook collec summary gross,1.0,36158.0,1
batch1-0466.jpg,issue ramsey marshall gomez ltd jeffrey keys suite eric avenue huertaside north paulville iban sdubt gross lilly pulitzer sunkissed each glow janice shift dress newborn toddler baby girls each floral print romper dress bodysuits ouftits clothes fire los angeles dress medium each summary gross,8.0,8561.0,1
batch1-0467.jpg,issue dixon hebert stewart faulkner ruiz groves suite psc box north phillipshire apo iban qcqb gross brand new metrokane rabbit each wine gold color tool kit piece set wlaerator vintage set clear iridescent each rainbow glass glasses champagne wine press wine fruit cider each apple crusher juice grape stainless maker grapes new hand blown wine water each goblet glass art mexico pulled feather iridescent swirl wine opener accessories gift each tools set waiters corkscrew opener piece lpc wine display rack wine each holders wine bottle racks home cabinet black pug wine holder each summary gross,3.0,38432.0,1
batch1-0468.jpg,issue mccormick plc williams smith myers ramos square mason squares apt normaberg north brian iban zbxdg gross new divine revelation each hell baxter seashells north america each guide field ident master god each woman substance each king james version kjv each rainbow study bible black leather index harry potter chamber each secrets book rowling paperback summary gross mary,1.0,59718.0,1
batch1-0469.jpg,issue banks wright mills white llc taylor mountain uscgc duran lake lauren fpo iban gbzzcnmr gross durango lil little kid western each casual western purple boys size nwt adidas pulseboost big each kid casual running shoes boys black size ricosta bge everyday each casual sandals new size timberland kid brown field each scuff proof boots size youth boys big kids nike each jordan basketball white red black summary gross boys,3.0,85163.0,1
batch1-0470.jpg,issue gentry villarreal evans davis evans river apt usns graves barbaraburgh fpo iban jsub gross gold framework broken each marble living room bedroom area rugs carpet cnk soft sheepskin mat faux fur each fake rug shaggy non slip floor carpet black yilong each handmade tree life silk carpet home tapestry indian rectangular beautifully each made chindi rag rug floor carpet ethnic mat summary gross ray,1.0,68014.0,2
batch1-0471.jpg,issue williams group willis sons madeline row cody plain suite thompsonton south jonfurt iban zjvsb gross evolutionary analysis each one year through bible each david veerman summary gross,1.0,19023.0,1
batch1-0472.jpg,issue carter molina garcia jones llc sean ports charles village suite lake kristine reidfort iban ahps gross straw dogs thoughts each humans other animals paperback gray john titans rising sun each yamato class battleships world war book graphic design reference each specification book everything graphic designers sasinowski legacy each book new summary gross,1.0,33037.0,1
batch1-0473.jpg,issue rose smith moreno williams jimenez james mill suite kristen locks suite new alyssa julieview iban zfial gross italians luigi barzini each summary gross,1.0,58803.0,1
batch1-0474.jpg,issue thomas white smith green scott miller jack apt ford stravenue new miguel scotttown iban ekei gross stones florals corridor each carpet doorway mat soft antislip living room area rug round rug carpet living each room decor faux fur rugs kids room long plush rugs summary gross key,3.0,22621.0,2
batch1-0475.jpg,issue acosta mendoza malone pierce morgan daniel motorway apt katie roads east jacobtown stephanieland iban gbszrvgm gross handheld video game console each mini retro console built video games sony playstation slim console each set scph ooo white tested working playstation vita console each pch ioooabo pch sapphire blue retro handheld game each console portable video game built games nintendo console each gloss pink japan nintendo gameboy color each console clear box manual cgb gbc japan tested nintendo wii black console each bundle remotes sensor numchuk tested works summary gross,1.0,25123.0,4
batch1-0476.jpg,issue thompson jackson ware foster nelson foley keys melinda ramp port adrian samuelmouth iban gbs qnhu gross stacking metal wine bottle each holder storage rack bottles counter display wine bottle opener corkscrew each set red stopper pourer foil cutter bottle waterford elegance chardonnay each wine glass pair new box usb charging bar home pumps each wine opener bottles electric automatic kitchen tool wine glasses set each set stemless christmas each wine glasses new wine bottle holder each summary gross,2.0,13900.0,1
batch1-0477.jpg,issue horton llc jackson holland watkins points howard place suite norriston gordonville iban oskpb gross ibuypower gaming computer each amd ryzen radeon ssd wifi ready dell desktop computer core each ghz ram wifi dvd windows slim desktop small each computer ghz oogb windows pro wifi summary gross,1.0,91832.0,3
batch1-0478.jpg,issue curtis lloyd conner lucas mullen usnv rodriguez james hill apt fpo smithside iban ikrrho gross king james version kjv each rainbow study bible black leather index nature notes each edwardian lady country dia holden edith paperback four agreements each practical guide personal freedom don miguel ruiz merry robin hood pyle each new sealed illustrated leather bound gift hardback astronomy visual guide each summary gross,4.0,23664.0,1
batch1-0479.jpg,issue murray eaton cuevas reid hurst joseph plains daniel heights west nicoleville careyside iban zxzga gross tie dyeing fluffy rugs anti skid each area rug dining room carpet floor bedroom mat galaxy butterfly area rugs each children bedroom non slip doormat floor mat carpet colorful marble printed living each room bedroom area rugs carpet cnk red traditional oriental each medallion area rug carpet mat rugs yilong small hand each knotted silk carpets antistatic floor area rug summary gross,1.0,59400.0,2
batch1-0480.jpg,issue burns padilla daniels tapia warren cassandra mill suite gordon wall lake maryberg south cindy iban gbosodwq gross marble black top each coffee table inlay floral pietradura art christmas gift black marble round each center table florals inlaid art christmas gift summary gross top,1.0,64003.0,0
batch1-0481.jpg,issue gonzales callahan russell jackson usns barker rebecca lodge suite fpo rhondabury iban iyfbp gross birthday girl hand each painted wine glass box recipe lolita new vintage set clear iridescent each rainbow glass glasses champagne wine set blue wine glass each tall leaf button pattern vgc set german roemer wine each glasses make france summary gross,150.0,26475.0,1
batch1-0482.jpg,issue bullock jenkins harrison gibbs ltd jessica light tamara summit apt west donaldfort westland iban ccer gross nintendo console complete each box extra controller playstation gray psi each consolel console only tested working nintendo complete boxed each console styrofoam works great nintendo switch lite turquoise each blue console only charger nintendo wii console each cables accessories new super mario bros disc nintendo wii white console each rvl bundle game cube compatible controllers senso playstation console disc each version preorder summary gross sony,1.0,51550.0,4
batch1-0483.jpg,issue mcbride smith kelly llc katherine valley suite nicholas harbor smithmouth south alicia iban gbzaqkla gross pictures distant each country seeing america through old paper money diabetic dream desserts each history christianity vol each beginnings kenneth latourette king arthur his knights each new sealed illustrated leather bound gift hardback how repair home laundry each appliances tumbling caela carter each summary gross,1.0,71771.0,1
batch1-0484.jpg,issue powers parker anderson lindsey johnson estate joseph mill apt kevinland west paul iban abqw gross jordan retro fusion red size each summary gross,1.0,8086.0,1
batch1-0485.jpg,issue berg ltd hicks mayer rhodes point apt james flat apt tonyafurt josephtown iban oesxi gross white marble coffee table each top lapis turquoise floral inlay home decors inches marble sofa table top each inlay coffee table malachite stone work inches round marble coffee each table top inlay sofa table geometrical design semi precious stone work inlaid each dinning table top marble kitchen table inches white chess table each handmade inlaid mosaic decorative art halloween gift white hand curved top each coffee table inlay decorative gift her wedding summary gross top,12.0,11108.0,0
batch1-0486.jpg,issue lucas hall dixon thompson teresa inlet gardner cliff snyderside josephview iban gbo anrx gross nintendo wii console rvl each complete hookups mariocsonic tested working anbernic retro games each bit classic video game console handheld player nintendo wii white console each rvl bundle game cube compatible controllers senso sega game gear micro console each color complete set anniversary wlwindow microsoft xbox one each ultra console black controller works great nintendo switch black each console only works perfect fast shipping nintendo dsi console red each japan nds summary gross,1.0,68973.0,4
batch1-0487.jpg,issue jacobson wilson baker plc jessica port allison wilsonborough new michellefort iban pblx gross nintendo pokemon pikachu each limited edition video game console set nintendo console each blue japan summary gross rue,1.0,37075.0,4
batch1-0488.jpg,issue smith myers tapia robinson miller matthew loaf christopher brook suite north jessica port robertmouth iban gbazgrfe gross whiskey glass mountain each wooden bottom wine transparent outdoor wine glass beer holder each armrest attachments red wine base yoxq waterford elegance chardonnay each wine glass pair new box summary gross,1.0,51885.0,1
batch1-0489.jpg,issue scott howard williams schneider gomez davis mountains morales rapids east zacharyville east katherineton iban ikiav gross puma boys youth universal each soccer cleats white high red new futbol lotto youth boys fuerzapura each lsoo soccer cleats size white blue summary gross,2.0,53545.0,1
batch1-0490.jpg,issue reed sons lucas barnett unit box usns scott dpo fpo iban ivguq gross wine bottle storage slots each modern countertop metal rack kitchen bar organizer anthropologie gold elegant each swan decorative metal bottle stopper wine saver mdesign metal wine rack each storage organizer bottles dark gray tiffany pair stemless each wine champagne glasses original stickers box outdoor wine glass beer holder each armrest attachments red wine base yoxq hardwood wine rack bottles each very nice eonophiles delight summary gross,6.0,73490.0,1
batch1-0491.jpg,issue graham briggs anderson moore group martin extensions christopher brook port christopherton port richardmouth iban gbs sdla gross new tommy hilfiger red each white blue color block beach sandals boys kids cuphead game soft plush each doll cuphead mugman mecup brocup kids gift stock pair wonder nation childrens each tucker boots new size black easy off summary gross,5.0,87376.0,1
batch1-0492.jpg,issue thomas sons smith fox castaneda matthew overpass apt byrd islands lewisbury martinezstad iban gbioobam gross garden flower carpet quilted each bedroom floor princess tapis lace rug carpets rectangle faux fur sheepskin each rug fluffy area rug floor carpets dark pink color skull series small large each long floor carpet area rugs various size soft rug unicorn series small large long each floor carpet area rugs various size soft rug summary gross,1.0,49001.0,2
batch1-0493.jpg,issue hogan adkins rogers johnson llc young cape frank inlet south james port kathy iban ozwq gross slim console system each scph pink playstation tested nintendo wii console each cables accessories new super mario bros disc nintendo switch gaming each console neon blue red controllers carry case cable sony playstation gray psi each consolel console only tested working nintendo gameboy color each console ice blue toysrus limited japan gbc rear nintendo lite onyx black each system console games mario charger stylus nintendo game console each system controller cords working summary gross,2.0,28821.0,4
batch1-0494.jpg,issue nguyen roach clark foster david highway cliff apt lake john washingtonbury iban yxo gross stemware rack display kitchen each wine glass holder bottle carbon steel free punch vtg ounce since each milk bottle wine carafe juice glass cork lids vintage crystal red wine each glasses nos west germany ounce elegant stems ikea stainless steel bottle each wine rack great condition gift lolita wine bouquet hand each painted decorated wine glass nib summary gross troy,1.0,78346.0,1
batch1-0495.jpg,issue wright hall finley plc sawyer ridge suite jessica rapid suite roberttown new margaretburgh iban gbs gqgk gross inches marble dinning table each top inlay work lawn table multi color stones marble living room center each table top yellowish sea shell inlay decor inches marble dinning table each top hand inlaid office table multi gemstones marble white center table each top tall stand pauashell inlay art deco yellow marble royal look each marble inlay table top handmade dinning table inches black marble round each top table grapes art inlay floral christmas gift deco carnelian stone inlay art marble each coffee table top white corner table inches summary gross,60.0,2077.0,0
batch1-0496.jpg,issue roberts larson hernandez murphy saunders deborah cliffs raymond forge apt port tonybury south brendan iban gbz oalw gross rebecca minkoff black polyester each fringe lambskin dress socialite white black striped each line dress pockets large womens sparkle dress size each holiday party red metallic flapper gatsby cocktail each dress chiffon wedding party evening formal dresses new wallis black floral midi each dress sleeveles size summary gross,1.0,25172.0,1
batch1-0497.jpg,issue merritt williams young olson cisneros moore frank run beck divide west wadeport iban gbi huwq gross bcbgeneration black sleeveless each lace back cut out dress zpcs baby clothes cotton each hoodied top pants baby boys outfits gentleman nwt crew silk chiffon each ivory wedding dress beading shein blue white striped each wrap dress guess dress size each clifford wills black each netimesh over taupe long dress size matilda jane women light each rising high low green floral dress size pockets summary gross mary boys,2.0,90419.0,1
batch1-0498.jpg,issue brown group davis hogan hardin rodriguez parks snyder crossroad lindseyfort new erikmouth iban thkg gross nec engine interface unit each ifu rom console tgoo tested japan original xbox console works each great tested super nintendo snes system each console sns controllers cleaned tested nintendo blue wii system each game console complete motion remotes tested work magnavox odyssey each microprocessor console system joy sticks games summary gross,5.0,43321.0,4
batch1-0499.jpg,issue bailey murray lewis hester inc powell pike suite tonya rapid suite east lisastad south marissaport iban gbbomtni gross microsoft xbox one each console black controller power supply good nintendo dsoriginal ntr each console camouflage tested works nintendo console blue each japan model combine shipping available summary gross,1.0,39537.0,4
batch1-0944.jpg,issue rivera llc zamora robbins ashley street derek gardens apt west roberto melissashire iban iwdqpo gross entertaining each art history portables book each michael cothren marilyn stokstad sth edtn luke fate star wars each principles virology volume each set asm books summary gross,1.0,64406.0,1
batch1-0945.jpg,issue wheeler dawson franklin alexander ford tammy loaf apt lynch underpass suite south adamberg lake erica iban sropu gross joma youth boys gol piso each multitaco soccer cleats white blue yellow new reebok kids boys blue sneakers each shoes laces adult girl version hermione each granger cosplay costume gryffindor kid size stock summary gross,205.0,35312.0,1
batch1-0946.jpg,issue gross williams robinson randall murphy bowman chan street michael parkways east dorothy port sarah iban zefsg gross joma youth boys gol piso each multitaco soccer cleats white blue yellow new keen waterproof hiking shoes each kids boys size brown black outdoor sneakers oomphies boys ankle boots each shoes gray green kids size euc adidas youth boys soccer cleats each trx vivid yellow black new nike boys shorts size each egyptian comfort count each piece bed sheet set deep pocket bed sheets bean high top black canvas each sneaker shoes kid boy excl cnd summary gross,658.0,87637.0,1
batch1-0947.jpg,issue graham thompson wang mann johnson natalie glens parks court apt east rebecca new reginald iban gbz pyus gross astronomy visual guide each bronze dragon codex each dragon codices henham interpreters dictionary each bible illu sasinowski heir book each new summary gross,1.0,97160.0,1
batch1-0948.jpg,issue pacheco simmons coleman hensley llc heidi vista apt jessica course apt odomville north kari iban zllxc gross yilong oolines area each rug high density hand knotted silk carpet yilong handmade silk each area rug chinese art deco classic indoor carpet faux fur animal print hide skin each rug cowhide area rug floor mat carpet moroccan amazigh handmade each carpet pack soft fluffy faux fur plain each chair cover washable shaggy area rugs carpet happy christmas home each decoration rug mat carpet bedroom rugs bedside area rug new summary gross,1.0,34931.0,2
batch1-0949.jpg,issue thompson hopkins zavala brooks bryan prairie apt gaines river williamsshire south wayneburgh iban tgax gross mossimo red orange each braided strap tank maxi dress crew line ponte dress red each size summary gross,1.0,25796.0,1
batch1-0950.jpg,issue white group hoffman inc leslie ford carr lane evansview port george iban gbs ynmk gross bottomless hole optical each illusion area rug carpet sofa door mats non slip home yilong four seasons each handknotted silk area rugs antistatic carpets inch cat each blanket tapestry carpet country mat home decoration new golden brown oriental each oushak chobi floral hand knotted foyer carpet yilong all over each handmade carpet dining room hand knotted silk rugs egg bathroom rug carpet area each rugs rug floor mats nordic chic room decor world round carpets room each printed area rug blue floor mat bedroom mat summary gross nap rug map play,3.0,31020.0,2
batch1-0951.jpg,issue cook ortiz morgan llc shawn trace valdez plaza apt snyderhaven new joshuachester iban gbs zmq gross zara yellow shift dress each summary gross,1.0,49460.0,1
batch1-0952.jpg,issue jones flores fields sons jason stravenue suite taylor shores lorimouth port mary iban gbs phfd gross silicone sport each iwatch band strap apple watch series brand new cuisinart cwo each electric wine opener stainless steel wine openers heavy duty each stainless steel hinges wine key pcs random color vintage mikasa crystal glass each wine bottle stopper grape cluster euc nib set riedel wine each glasses viognier chardonnay summary gross,38.0,68962.0,1
batch1-0953.jpg,issue houston jacobs ramirez williams obrien overpass apt clark freeway apt west jessica barberport iban gbz gbyn gross nike air jordan space jam each size wonder nation kids shoes size each lakai select skate shoe little each boy black summary gross,1.0,61737.0,1
batch1-0954.jpg,issue richardson llc rodriguez ltd timothy plaza jones suite mooreview south cameron iban xjgi gross custom built windows retro each gaming industrial computer montego microtower each desktop computer ghz ogb windows pro amd dual core each ghz sogb computer desktop alarco gaming desktop each computer intel winlo wifi nvidia gtx dell optiplex windows pro each desktop computer gen ghz hdd dell optiplex all one each windows desktop computer oghz lcd desktop computer gaming each build own ryzen ghz vega gtx summary gross key pro,98.0,61064.0,3
batch1-0955.jpg,issue cox mendoza yang llc judith squares smith wall apt westburgh bernardport iban tnye gross white marble coffee each table top tall stand semi precious art deco coffe table chessboard each handmade wooden pine natural tables wood chess board round marble dining table each lapis mosaic floral inlay furniture decorates white marble coffee table each top marquetry multi inlay beautiful room home arts inches marble dinning table each top inlay work lawn table multi color stones summary gross,15.0,50501.0,0
batch1-0956.jpg,issue harrison melton hoffman daniel kevin court james parks suite jenniferborough bryanfurt iban zksg gross mossimo red orange each braided strap tank maxi dress summary gross,4.0,16408.0,1
batch1-0957.jpg,issue morgan sons fuller baldwin michael william parkway suite lori views apt west melissahaven greenton iban ofxve gross fila boys skele toes rnr each black running shoes medium little kid under armour kids lockdown each basketball black red white youth sneakers boys slip black dress shoes each loafers wide width bean boys lot size athletic each sneakers black blue canvas belts timberland kid brown field each scuff proof boots size wonder nation kids shoes size each timberland brown slip shoes each size juniors summary gross bay,3.0,61204.0,1
batch1-0958.jpg,issue jimenez jones rojas sons wallace trail stephanie avenue lake coreymouth west carol iban yeeb gross intel core geforce gtx each super game gamer master gaming desktop computer desktop computer each barebone system summary gross,1.0,90162.0,3
batch1-0959.jpg,issue murphy sanders parker graham swanson usnv miller pearson plaza fpo new jeffrey iban gbza ozup gross care repair furniture each harry potter chamber each secrets book rowling paperback summary gross,1.0,42303.0,1
batch1-0967.jpg,issue vargas miller miller morris gentry nguyen michele springs flores vista mendozabury markstad iban spsxp gross marble white each counter table lapis inlay floral art halloween gift art black marble dining each center table top marquetry inlay outdoor decor agate center dining table each top precious stone hallway furniture decors seater general elastic each fabric protector sofa covers couch slipcovers stretch elegant marble black top each dining table italian inlay furniture decor summary gross top,18.0,32021.0,0
batch1-0968.jpg,issue bailey inc chen higgins helen lock gomez track apt new kelli vargaschester iban gbo mihh gross sandro dress each scott mccintock size each black party dress sparklind top boden size green each dark blue belted midi wool knit sweater fall dress christmas dress grace karin each sleeveless christmas dress red black size large matilda jane womans lets each together black knit dress size medium nwt zara yellow shift dress each summary gross navy,1.0,90906.0,1
batch1-0969.jpg,issue flores plc schmidt carrillo estes alex knoll suite monroe expressway east faith kellyview iban ooym gross speechless green brown white each psychedelic sleeveless dress size large new nwt open back each xhileration plum lacy dress womens size medium summary gross,5.0,86502.0,1
batch1-0970.jpg,issue hanson plc nelson chandler johnston lights suite kendra ridge apt west robertfort west katherine iban gbasaepq gross white marble dining table each top multi inlay floral elephant art decor white marble coffee table each top malachite precious inlay decor furniture summary gross,1.0,65969.0,0
batch1-0971.jpg,issue costa swanson pittman johnson inc hansen square suite monique neck suite millershire east georgeborough iban gbzsekms gross luigi bormioli crescendo wine each carafe galvanized metal wine caddy each leather wine carrier single each bottle gift bag christmas wedding party reusable fabulous wine glass out each box unicorn wine bottle display each cuisinart stainless steel electric each wine opener cwo brand new box summary gross,1.0,25216.0,1
batch1-0972.jpg,issue kaiser hays cook holland plc richard forge hill courts suite lake maria collinsland iban gbbzgocr gross marble beautiful white coffee each table top malachite inlay art home decor white decorative each coffee table top lapis lazuli marquetery patio decor inches marble coffee table each top inlay multi stone border game table black marble coffee table each top mother pearl inlay furniture decors pietra dura marble dining each hallway table inlay design patio decor summary gross top,1.0,60385.0,0
batch1-0973.jpg,issue palmer jordan shannon jackson gomez dillon anthony field unit box katherinefort dpo iban syvt gross balmain dress each scott mccintock size each black party dress sparklind top jams world hawaiian dress each rayon summary gross,1.0,12340.0,1
batch1-0974.jpg,issue wilson inc burke nelson tyler track suite jennifer pass apt lanemouth erikfort iban qvul gross sony playstation disc edition each console preorder spiderman day one confirm pocketgo bittboy white each retro video game portable console ips display playstation each charcoal black console used nintendo switch lite gray each console only accessories charger playstation vita console each pch ooabo pch crystal black sony playstation each charcoal black console used summary gross sony,1.0,55885.0,4
batch1-0975.jpg,issue reese henderson pollard mathis berry wilson view kathleen radial apt brownburgh bowmanshire iban hhjg gross sale online coffee each table marquetry inlay floral design christmas gift marble dining table hakik each pietradura inlay room outdoor mosaic decor summary gross top,24.0,87259.0,0
batch1-0976.jpg,issue clark sons rodriguez jennings sonya shores psc box port christophershire apo iban gbs khjm gross amd dual core ghz each ddr wifi windows office desktop computer summary gross,3.9,69267.0,3
batch1-0977.jpg,issue hill jones johnson anderson hartman locks apt perkins port jeffreybury south zachary iban kpni gross nintendo disk system console each ram adapter new belt working tested sega saturn victor console each tested working japan gold playstation slim limited each edition console original box bundle summary gross amy gray,5.0,63213.0,4
batch1-0978.jpg,issue avila espinoza davis miller mcfarland griffin corners apt mark spur apt south jaymouth new alan iban tpjx gross plush carpet living room each fluffy rug thick bed room carpets anti slip floor printed mat vortex illusion each living room rug carpet floors doors round mat modern tribal geometric each indo gabbeh wool bamboo silk oriental rug carpet rectangle faux fur sheepskin each rug fluffy area rug floor carpets dark pink summary gross,3.0,75150.0,2
batch1-0979.jpg,issue forbes franklin goodman rangel santana prairie apt tyler inlet new michaelmouth west robertmouth iban vitc gross nike air max athletic each sneakers platinum grade school boys size new fila boys skele toes bay rnr each black running shoes medium little kid summary gross terry,95.0,28468.0,1
batch1-0980.jpg,issue snyder lane lozano plc gonzales mountain gonzales pass charlesfort west christianmouth iban lojq gross custom build desktop each computer ssd windows windows wifi fast desktop computer each dual core ghz windows pro wifi monitor dell optiplex all one each windows desktop computer oghz lcd sama rgb gaming desktop each computer ghz nvidia gtx windows desktop computer each core ghz ssd lcd windows prodesk desktop each computer core ghz lcd windows custom built amd ryzen each threadripper gaming computer ram summary gross,3.0,51653.0,3
batch1-0981.jpg,issue smith ltd herring floyd jodi gardens hansen cliff apt charlesview port alice iban tzmx gross microsoft xbox one each ultra console black controller works great cables sony playstation each cuh jet black console controller slim console system each scph pink playstation tested nintendo game boy micro each console black oxysfbb nintendo gamecube system each console bundle mario sunshine genuine controller lot summary gross,1.0,99663.0,4
batch1-0982.jpg,issue robinson sons hanna mathis zuniga wilson course psc box walkerchester apo iban gbsslibr gross size nike air speed turf each sneakers shoe white blue red lotto youth boys fuerzapura each lsoo soccer cleats size black yellow nike air jordan space jam each size nike shoes size each nike black each timberland kid brown field each scuff proof boots size nwt childrens place boys each tan lace boots summary gross,3.0,63044.0,1
batch1-0983.jpg,issue miller plc sullivan sanchez kelly plains apt brittany ports suite south cameronstad rileyfurt iban zptyu gross indian green red color each carpet hand knotted living room traditional chobi egg bathroom rug carpet area each rugs rug floor mats nordic chic room decor summary gross,1.0,92987.0,2
batch1-0984.jpg,issue malone gonzalez kim anderson scott spur suite lopez port danielchester south kathrynland iban zdxg gross sony playstation console each white disc version confirmed pre order pss sony playstation each cech slim black console tested nintendo console each cosmo black japan nintendo gameboy color each console clear box manual cgb gbc japan tested nintendo switch lite gray each console only accessories charger new psone console nfl each game day gran turismo pkg unsealed summary gross,5.0,7413.0,4
batch1-0985.jpg,issue keith llc wang ltd baker vista dale prairie hunttown south charlottechester iban ionmu gross clearance fast desktop each computer core duo windows lcd summary gross,4.0,50411.0,3
batch1-0986.jpg,issue rangel inc hudson ltd sonya highway kelly shoal gibsonshire crystalview iban ingyg gross nintendo game boy micro each console black oxysfbb summary gross,4.0,58392.0,4
batch1-0987.jpg,issue martin group cox hall anthony prairie trevor motorway morganfurt west elizabethbury iban oanay gross boden black blue floral short each sleeve dress size summary gross,1.0,57836.0,1
batch1-0988.jpg,issue stephens llc ramirez anderson hughes emily plain suite cardenas orchard north bailey new chadhaven iban gbizdgfe gross moroccan handmade amazigh each carpet impellers steam carpet non each floor carpet area rug teen carpet silky fake fur fluffy carpets each non slip shaggy area rug floor mat light pink rug white moroccan beni each ourain trellis shag area rug authentic handmade carpet yilong yellow handmade each carpet dining room hand knotted silk rugs indian rectangular beautifully each made chindi rag rug floor carpet ethnic mat yilong hand knotted silk each garden scene rug indoor oriental carpet summary gross slip,1.0,17285.0,2
batch1-0989.jpg,issue salazar plc daniel llc shannon overpass suite patrick burgs suite joseshire west angel iban enfl gross kate spade sleeveless ponte each fit flare solid black dress size guess dress size each women elegant fashion neck each knee length short sleeve retro floral print dress vintage agb black velvet maxi each dress mandarin collar crew mercantile women maxi each dress size floral tiered lined pink tommy bahama women each neck linen floral dress size beige short sleeve tan zara yellow shift dress each summary gross,1.0,72443.0,1
batch1-0990.jpg,issue oliver rodriguez taylor taylor neal simpson motorway suite hall fall lake brandonmouth lake melanieborough iban brxrm gross new nwt open back each xhileration plum lacy dress womens size medium summary gross,1.0,39431.0,1
batch1-0991.jpg,issue white warren sheppard holloway wright hill plains danny mount north michellebury juliachester iban gbs gross large blue long sleeve fit each flare dress elastic waist crochet detail bohemian nwt wish new black each chevron size small sequin cocktail formal dress prom elisa cavaletti daniela each dallavalle shift dress grey white size women black cocktail dress each size liza byrd dress coral each green medallion print short sleeve cotton line summary gross,2.0,25067.0,1
batch1-0992.jpg,issue wagner weaver rodriguez sons berry walks apt deanna stravenue port lancefurt east jared iban sqcay gross inches marble utility table each top inlay royal pattern stone dinning table marble white table each lapis inlay pietradura floral home decor art gift pcs table feet durable high each quality sturdy chair feet table feet home marble counter height each dining table top multi furniture decor inches marble coffee table each top multi stone chess board table inlay art top marble white table each carnelian marquetry interior thanksg gift summary gross top inlay iving,40.0,3244.0,0
batch1-0993.jpg,issue mercado fields lewis rogers jones howell oval suite vasquez heights cherylfort millermouth iban gbizlzrr gross american victorian cottage each homes palliser dover edition unleashed story tool each paperback mclver joel brand new free shi quilts illusion each escape carnival each horrors give yourself goosebumps stine hiroshige one hundred each famous views edo taschen new hardcover summary gross,2.0,59691.0,1
batch1-0994.jpg,issue foster jones contreras stevens sons gary tunnel apt quinn ports suite lake morgan new dominiqueland iban weym gross abstract living room carpet each home decor nordic style bedside area rug floor mats aii over modern gabbeh each kashkoli oriental area rug hand knotted foyer carpet fluffy rugs anti slip each shaggy rug soft carpet mat living room floor bedroom yilong handknotted silk each area rug medallion deep red home carpet yilong golden handmade each area carpet tribal hand knotted silk rugs summary gross,3.0,66090.0,2
batch1-0995.jpg,issue hurst humphrey huber johnson gregory inlet ronald freeway east james timothyberg iban yrye gross prodesk mini each desktop computer ssd wiop summary gross,400.0,30299.0,3
batch1-0996.jpg,issue lewis group avila garcia murray morgan lakes usnv miller port derek fpo iban gross double dorje carpet tibetan each rug handwoven artisans nepal nordic braided tassels sofa each rugs area rug soft mat palm leaves room carpet wool floral handmade each rugs carpet moroccan pastel color living room navajo valentine day roses area each rugs floor mat non slip romantic bedroom carpet decor soft faux fur chair cover each small area rugs mat bedroom floor carpet summary gross,1.0,32133.0,2
batch1-0997.jpg,issue davis garrett nichols hill smith oliver drive apt adams shoal east toddmouth deckerfurt iban gbbzpovl gross nike air jordan mid obsidian each toddler kids children size blue summary gross,1.0,31632.0,1
batch1-0998.jpg,issue charles parsons jacobs patterson church austin pike sharon walk suite chrisfurt wustad iban gbi pniv gross joma boys youth super copa each soccer cleats white yellow blue futbol new sps face masks men women each unisex kid cover clothing mask reusable washable cloth nike air force low each triple white youth boys size adult girl version hermione each granger cosplay costume gryffindor kid size stock under armour black each athletic shoes under armour curry each black black size summary gross boys,1.0,65483.0,1
batch1-0999.jpg,issue rodriguez harrington smith group martinez well apt michael junctions port vanessafurt whitemouth iban iqvub gross nike black each timberland women junior each premium navy waterproof boots nike dunk high concepts each kids size ugly sweater pre school nike oncore high kids each size black red white joma boys youth super copa each soccer cleats white yellow blue futbol new summary gross,1.0,11524.0,1
batch1-1000.jpg,issue larson grant weiss beard ayala crystal fall suite usns newman montgomeryburgh fpo iban iasddo gross selmash lux home alcohol each distiller kit wine brewing gold band wine glasses clear each glass round stems ounce elegant stems metal tabletop wine bottle each display rack holder caddy barware glass grapes hoodie wine bottle holder each set etched hers each hers too wine glasses summary gross,1.0,49491.0,1
batch1-1439.jpg,issue thompson webster ward plc nelson court garcia street suite carlosshire rogermouth iban zkhev gross fast rgb gaming desktop each computer nvidia gefore wifi fortnite gtav pubg dell optiplex computer each intel core summary gross,5.0,34243.0,3
batch1-1440.jpg,issue burns figueroa hawkins compton brown kathy plains kyle lodge north lindseymouth katrinamouth iban ysdc gross marble living room table each top unique collectible inlay design decor marble white center table each top tall stand pauashell inlay art deco marble dining table hakik each pietradura room outdoor mosaic decor inches marble dinning table each top handmade meeting table top vintage art inches marble dinning table each top pietra dura art lawn table home furniture white marble each counter table carnelian marquetry art columbus gift marble black coffee each top table mosai inlaid italian art halloween gift summary gross inlay top day,1.0,48338.0,0
batch1-1441.jpg,issue galvan sons armstrong mitchell brandon divide apt uscgc stevens stoneland fpo iban ozijk gross wine display rack wine each holders wine bottle racks home cabinet cuisinart stainless steel electric each wine opener cwo brand new box summary gross,1.0,29727.0,1
batch1-1442.jpg,issue hanson llc hawkins lopez patrick locks perez inlet south julieberg huntermouth iban bvgg gross gaming desktop computer each rgb intel gtx ram hdd ssd core gaming computer each desktop tower affordable gaming amd vega rgb dell desktop computer optiplex each tower core oogb windows pro summary gross,5.0,17925.0,3
batch1-1443.jpg,issue blake llc flores llc mark street meadows apt camposstad new tracyshire iban ieydr gross reebok kids boys blue sneakers each shoes laces skechers hypno splash light each shoes size medium big kid new vizari youth boys treviso indoor each jnr soccer shoes black silver new native charley white each sandals size infant child boys girls very good condition nike trey kids each nike dunk high concepts each kids size ugly sweater pre school summary gross amy,1.0,60555.0,1
batch1-1444.jpg,issue perez pace bailey martinez logan peterson ashley fords suite lopez squares jacksonfurt ryanshire iban ofksw gross pavilion each all one computer system studentiwork computer each workstation windows pro quality dell windows pro each desktop computer core vpro dvd wifi summary gross,2.0,11606.0,3
batch1-1445.jpg,issue deleon ltd daniels jensen hernandez earl wells suite walker loaf suite bettymouth south darrenland iban jhqh gross kushyshoo children kid rain each boot shoes rubber monkey size youth joma boys youth super copa each soccer cleats white yellow blue futbol new harry potter hogwarts adult each child robe cloak halloween cos costumes party xmas keen kids newport blue each hiking waterproof sport sandals size jordan loyal boys grade each school sneakers nike shoes size each summary gross,3.0,78239.0,1
batch1-1446.jpg,issue chapman kim green rodriguez stevens james branch angela plain smithmouth hortonshire iban gbsoacie gross wine glasses goblets pair clear each glass hooks stemware storage each multiple uses iron wine rack hanging glass replacement corkscrew parts each spiral worm wine opener bottle houdini home essentials gradient each stemless wine glasses set new summary gross,5.0,93248.0,1
batch1-1447.jpg,issue nelson bird mendoza allen inc john village suite uss smith boydstad fpo iban gdhn gross microsoft xbox one each console system model one controller cables nintendo console each complete box mint beautifull japan pre order new playstation each console disk version ships fast confirmed sony scph ooo playstation each fat console system network adapter summary gross sony,1.0,40020.0,4
batch1-1448.jpg,issue solis grimes garcia plc william extensions suite unit box spencestad dpo iban gbaoxsnu gross vintage all jazz blue each velvet dress small medium bcbg maxazria dress each lularoe nicole dress size small each light solid greyl white ringer tee trim summary gross,80.0,4536.0,1
batch1-1449.jpg,issue jones frazier byrd harper maddox abbott cove ochoa lodge lake justin west ryan iban gbziitrf gross under armour kids grade each school curry zer basketball shoes cuphead game soft plush each doll cuphead mugman mecup brocup kids gift stock kids printed cotton each slippers zip fastening summary gross boys,1.0,61567.0,1
batch1-1450.jpg,issue miller jackson hurst reed wright bradley hills giles route apt lake nguyenchester iban edgz gross seventeen semicolon special each album photocard digi pack cover mini card jordan hydro child size each cuphead game soft plush each doll cuphead mugman mecup brocup kids gift stock keen waterproof hiking shoes each kids boys size brown black outdoor sneakers adidas baseball youth cleats each spikes kids shoes black white size summary gross amy,2.0,88462.0,1
batch1-1451.jpg,issue webb short lee llc wright club pruitt plains steinstad lake danielstad iban zswy gross new rgb quad core gaming each desktop computer ghz ram win wifi summary gross,4.0,20722.0,3
batch1-1452.jpg,issue escobar plc james plc renee rapids suite william island north steventon galvanport iban fjqf gross yellow stone royal art marble each dinning table top round garden table top inches summary gross,4.0,83927.0,0
batch1-1453.jpg,issue meyer inc white daniel unit box murphy spring suite dpo new richardtown iban gbobsrzz gross timberland brown slip shoes each size juniors kids turbo skate shoe little each kid big kid color whiteiroyal jordan hydro child size each kid shoes each summary gross,2.0,91011.0,1
batch1-1454.jpg,issue johnson miller stanley brown schmitt ryan grove contreras overpass harperstad south wesleytown iban gueto gross art glen loates each summary gross,1.0,64814.0,1
batch1-1455.jpg,issue kaufman wyatt williams haley ellis unit box frank groves suite dpo whitefurt iban txww gross dell desktop computer core each dvd wifi lcd windows pro summary gross,5.0,88383.0,3
batch1-1456.jpg,issue waller williams brown mills stephenson watkins duran burgs huffman crest apt manningmouth rosefurt iban vucj gross dell optiplex desktop computer each dual lcd monitors windows pro desktop computers each pre built gaming computer each ghz amd ryzen ram desktop ssd dvd wifi dell desktop computer tower each optiplex core dvd wifi windows pro summary gross,4.0,92821.0,3
batch1-1457.jpg,issue mitchell ltd elliott kelly turner unit box unit box dpo dpo iban gbz tyoe gross women elegant fashion neck each knee length short sleeve retro floral print dress summary gross,0.0,49063.0,1
batch1-1458.jpg,issue stewart arias nguyen holt snow reed flats gentry landing suite jeromeburgh hortonside iban suold gross carnelian stone inlay art marble each coffee table top white corner table inches multi color stones inlay art each coffee table top marble patio sofa table inches handmade white chess each table inlaid mosaic gemstone art halloween gift art summary gross top,3.0,74585.0,0
batch1-1459.jpg,issue brown york irwin brown preston wilson potter hills suite simmons village suite east karichester port steven iban idltr gross black marble large dining each table top very fine handmade marquetry birds art inches marble dinning table each top hand crafted reception table home furniture inches marble dinning table each top hand crafted conference table royal look white marble living room each dining table top marquetry furniture summary gross inlay,1.0,27397.0,0
batch1-1460.jpg,issue nelson ltd garcia navarro rocha gregory passage jack avenue apt west matthew north melanie iban gbzsbdsb gross sony playstation super each slim black console tested console cables sony playstation each charcoal black console system box cech playstation console disc each version preorder nintendo switch lite gray each console only accessories charger anbernic retro games each bit classic video game console handheld player sega saturn console gray each hst hst japanese summary gross,1.0,89549.0,4
batch1-1461.jpg,issue johnson llc hebert ltd franklin plaza washington wells suite new andreaport floresberg iban gbioiazp gross sony playstation console each scph aqua color tested nintendo charcoal grey each console original cables controller nfl game nintendo dsoriginal ntr each console camouflage tested works playstation vita console each pch oooabo pch sapphire blue summary gross day,2.0,25369.0,4
batch1-1462.jpg,issue anderson bryant obrien group fields mall apt thomas tunnel suite williamsborough cassandramouth iban vygs gross nordic braided tassels sofa each rugs area rug soft mat palm leaves room carpet yilong blue each handknotted silk carpet easy clean indoor rug ywx handwoven afghan each kilim wool area rug kelim tapis oriental carpet carton tiger print area rug each faux skin rug hide cute carpet floor mat home decor sheepskin shaggy faux fur each silky plush soft fabric rectangular rug doormat carpet yilong golden antique each handmade silk area rugs home furniture carpet summary gross,4.0,17634.0,2
batch1-1463.jpg,issue dixon trujillo evans burke reynolds norman river apt sanders tunnel suite north nathantown larrymouth iban ljsb gross silky fake fur fluffy carpet each non slip shaggy area rug floor mat white brown keep off classic patterned each carpet fan carpet non slip floor carpet teen carp yilong each handmade tree life silk carpet home tapestry yilong handwoven silk each area rug blue home decor living room carpet qosa guccl area rugs living room each carpet local brands floor decor summary gross,1.0,56164.0,2
batch1-1464.jpg,issue williams norman caldwell duarte grant moran rebekah squares johns ramp apt hernandezfort ballside iban ofao gross bronze dragon codex each dragon codices henham michael jackson life music each paperback softback tumbling caela carter each summary gross,3.0,80080.0,1
batch1-1465.jpg,issue hayes sons christian krueger ann extensions uss martin patrickbury fpo iban gbszbyda gross kids pixie sneaker each toddler little kid big kid color whiteibattleship jordan white cement size each kids youth summary gross boys,3.0,23743.0,1
batch1-1466.jpg,issue jones ltd pittman zhang peterson danny view unit box sharpmouth dpo iban gbionnel gross mdesign metal wine rack each storage organizer bottles chrome new pcs rabbit wine opener each set accessories tools gift box whiskey glass mountain each wooden bottom wine transparent alcoholmeter alcohol meter each wine thermometer set bar tools vintage tester vintage wine bottles holder each iron rattan rack vintage set cobalt blue each glass wine glasses water goblets barware stemware summary gross,1.0,42151.0,1
batch1-1467.jpg,issue gregory ramos barrera merritt rodriguez meyer walks sloan square yvonneview catherineland iban gbo lvkw gross hicoup waiters corkscrew wine each bottle opener professional stainless steel black opcs heat shrink capsules each pvc wine bottle caps shrinkable seal film covers wine glasses wall mount wine each glass rack storage shelf cabinet gal moonshine still each stainless steel water wine alcohol distiller equipment inch dinosaur bones wine each bottle holder electric automatic wine bottle each opener foil cutter rechargeable corkscre summary gross,1.0,92515.0,1
batch1-1468.jpg,issue smith cook snyder johnson justin causeway heather mill west michaelmouth jenniferfort iban gbzobakh gross nintendo gameboy pocket each console green box mgb japan tested working new sony playstation slim each game bundle console sealedl atari flashback classic game each console built games space invaders asteroid sony playstation console each model scph nintendo wii console each remotes covers nunchucks sensor sega game bundle sony playstation super each slim black console tested console cables nintendo gameboy pocket each console green box mgb japan tested working summary gross,1.0,79662.0,4
batch1-1469.jpg,issue wang tran larson hill jeffrey pines psc box north madeline apo iban vhov gross fast dell optiplex windows each pro desktop computer dual core dvd wifi optiplex desktop computer each intel core duo memory hard summary gross,1.0,92829.0,3
batch1-1470.jpg,issue harris wright russell olson tracy pine apt psc box east anabury apo iban zzsse gross nintendo wii black console each rvl bundle games complete gamecube compatible xbox console games each summary gross may,1.0,53058.0,4
batch1-1471.jpg,issue moore ltd johnson harvey richardson ross haven unit box brianhaven dpo iban gbsiqdvl gross wine bottle opener corkscrew each set red stopper pourer foil cutter bottle confetti wine glass each summary gross,4.0,7073.0,1
batch1-1472.jpg,issue baker pearson perry wilcox turner porter gonzalez pike suite kristen viaduct suite east randy blakeside iban pask gross blichmann riptide brewing each pump hombrew beer wine food grade stainless steel summary gross,2.0,44377.0,1
batch1-1473.jpg,issue stone lopez harding york crawford psc box garcia highway apo south jerry iban fdzu gross little boys size son mars each jordan adidas originals kids stan smith each white green toddler boy girl summary gross,1.0,34241.0,1
batch1-1474.jpg,issue white brown martinez rosales anderson salazar debra ford byrd circles keithport east rebecca iban gbs dynh gross vintner reserve wine bottle each opener stand very nice ready ship wine opener accessories gift each tools set waiters corkscrew opener piece stacking metal wine bottle each holder storage rack bottles counter display wine glass holder beautiful each goblet storage cup draining rack black vtg ounce since each milk bottle wine carafe juice glass cork lids inch dinosaur bones wine each bottle holder summary gross,2.0,62903.0,1
batch1-1475.jpg,issue harris scott walter walters coleman ferry brian mill suite north michaelchester youngborough iban gbi hitk gross balmain dress each lularoe nicole dress size large each speechless green brown white each psychedelic sleeveless dress size large matilda jane womans lets each together black knit dress size medium nwt summary gross,1.0,57033.0,1
batch1-1476.jpg,issue campbell hernandez blankenship wright lee pearson island unit box meyersshire dpo iban dnmd gross little women louisa each alcott illustrated brand new collectible hardcover michelangelo popes each ceiling ross king pictures distant each country seeing america through old paper money master god each sonic wind story john each paul stapp how renegade doctor sasinowski heir book each new herbal tarot deck each summary gross may,3.0,72679.0,1
batch1-1477.jpg,issue dickerson burgess baxter gonzalez scott club suite katrina brooks east dannyville west allisonchester iban zozx gross miley cyrus bubble dress each vintage sostanza plus size each dress floral cottagecore pas calais dress womens each size matilda jane womans lets each together black knit dress size medium nwt lands end womens sleeve each dress plus navy blue floral cotton knit summary gross,3.0,44744.0,1
batch1-1478.jpg,issue barton wright peters sandoval rosales young guzman island williams rapid west jessemouth port lisa iban gboifqqxo gross new nintendo switch each console summary gross,32.0,32879.0,4
batch1-1479.jpg,issue juarez plc peters santiago cooper land apt johnson throughway apt new ashley andersonshire iban vaxb gross pretty good joke book znd each prairie home compani dutch cooking netherlands each cookbook heleen halverhout book our family tree history our each family spectacular ireland coffee each table book very large real world jane austen each collectors paperweights each summary gross,5.0,45619.0,1
batch1-1480.jpg,issue hayes mcdonald sheppard guerrero castillo hughes isle bryan turnpike east charlesmouth wallaceborough iban dido gross desktop computer each core ghz ssd lcd windows lenovo all one each desktop computer wireless mouse amd quad core custom built each gaming computer desktop blue led custom built amd ryzen each threadripper gaming computer ram dell desktop computer optiplex each tower core windows pro intel compute stick each ghz boxstckia zwfc wireless keyboard summary gross,400.0,93615.0,3
batch1-1481.jpg,issue miller wright clark rogers floyd smith eric branch apt dodson bypass ernestview west rhondamouth iban gvtbi gross luke fate star wars each merry robin hood pyle each new sealed illustrated leather bound gift hardback hiroshige one hundred each famous views edo taschen new hardcover summary gross,1.0,27619.0,1
batch1-1482.jpg,issue thompson smith gonzales ltd uss castro emily pass apt fpo port jodimouth iban ilcti gross inches marble corner table each top inlay coffee table multi color gemstones marble white coffee top each table inlay lapis stone furniture indoor decor blue shiny stone floral art each dinning table top marble kitchen table top inches white marble top each counter table tall multi color stone elephant art summary gross,16.0,95943.0,0
batch1-1484.jpg,issue smith guerrero reynolds gonzales meyer elizabeth radial hughes trace suite west shannonland port christophershire iban inhis gross intel compute stick intel each atom ghz desktop quality dell windows each desktop computer core vpro dvd wifi dell desktop computer core each ghz ram wifi dvd windows custom gaming computer each ryzen ddr nvidia rtx rgb ssd hdd summary gross pro,1.0,51907.0,3
batch1-1485.jpg,issue thompson inc johnson alvarez christian valleys suite larson forge apt rebeccafurt lisamouth iban gbiscxvlo gross fall berlin each antony beevor fundamentals cosmobiology each correspondence study eleonora kimmel trapper bible most each complete guide trapping hunting tips ever summary gross,1945.0,46063.0,1
batch1-1486.jpg,issue harris green good plc adam parkways dawn mount suite salazarshire brookstown iban gbiiqytr gross inches marble coffee table each top inlay multi stone border game table black marble large dining each table top very fine handmade marquetry birds art luxurious pattern stone dinning each table top marble conference table size inches summary gross,16.0,60292.0,0
batch1-1487.jpg,issue johnson franco simmons simmons nguyen vaughan locks spencer prairie suite christopherfurt west james iban ejei gross custom gaming computer each custom build gaming rgb mini each itx computer nexlink irq desktop each computer windows widvdicd rom drive gigabit lan firewall desktop each computer onboard cpu intel core router summary gross,1.0,80701.0,3
batch1-1488.jpg,issue freeman sons houston group hebert parkway deanna rue howeburgh robertshire iban rcpi gross introduction thematic each cartography sonic wind story john each paul stapp how renegade doctor entertaining each rebecca rescue each american girl quality gulag archipelago gulag each archipelago volume edition paperbacks summary gross,1.0,74880.0,1
batch1-1489.jpg,issue robbins inc coleman casey austin hernandez meadow unit box reedstad dpo iban gohh gross black marble top dining each table scagliola inlay antique arts kitchen decor inches marble dinning table each top inlay kitchen table blue elephant design marble white coffee each table inlay lapis stone furniture indoor decor marble black top each custom table carnelian marquetry art halloween gift pcs adjustable stainless steel each cabinet legs kitchen feet round stand holders round marble coffee top each table floral marquetry inlay furniture decors summary gross top,1.0,77029.0,0
